Atributo pavadinimas;Kiekis;Trukstamos reiksmes;Kardinalumas;Moda;Modos daznumas;Moda, %;2-oji Moda;2-osios Modos daznumas;2-oj Moda, %
Non-White;3382;0;2;0;2382;70.43169722057954;1;1000;29.56830277942046
Owned;3382;0;2;1;2303;68.09580130100532;0;1079;31.904198698994676
Mortgage;3382;0;2;1;1785;52.779420461265524;0;1597;47.220579538734476
Occupation;3382;0;4;other;1314;38.85274985215849;swcc;1021;30.18923713778829
