"Atributo pavadinimas";"Kiekis";"Trukstamos reiksmes";"Kardinalumas";"Moda";"Modos daznumas";"Moda, %";"2-oji Moda";"2-osios Modos daznumas";"2-oj Moda, %"
"Non-White";3375;7;2;0;2375;70.37037037037037;1;1000;29.62962962962963
"Owned";3378;4;2;1;2299;68.05802249851983;0;1079;31.941977501480167
"Mortgage";3381;1;2;1;1784;52.76545400769003;0;1597;47.23454599230997
"Occupation";3375;7;4;"other";1313;38.903703703703705;"swcc";1018;30.16296296296296
