"Atributo pavadinimas";"Kiekis";"Trukstamos reiksmes";"Kardinalumas";"Minimali reiksme";"Maksimali reiksme";"1-asis kvartilis";"3-asis kvartilis";"Vidurkis";"Mediana";"Standartinis nuokrypis"
"Hours";3382;0;1102;0;5840;0;1944;1135.4793021880544;1304;892.4577825136835
"Income";3382;0;740;-139;7220;146;369;296.8973979893554;247;287.9519779951403
"Age";3382;0;47;18;64;28;44;36.81253696037847;34;11.35142561630197
"Education";3382;0;17;0;17;12;14;12.553222945002958;12;2.4156938016718175
"Child5";3382;0;5;0;4;0;1;0.5073920756948551;0;0.763081306583781
"Child13";3382;0;6;0;5;0;1;0.5617977528089888;0;0.8550445621897538
"Child17";3382;0;5;0;6;0;0;0.21496156120638676;0;0.5079855931066763
"Unemployed";3382;0;20;1;30;4;7;5.640745121230041;5;2.3021668065996708
